Rec,Views,Author,Time,Title,URL
0,10,반찬투정,10:55,지금 기업은행 앱 잘 되시나요?,https://www.clien.net/service/board/park/19083855?od=T31&po=0&category=0&groupCd=
0,174,세련토니,10:51,"尹측, ‘명성황후 침실’ 곤녕합 출입 논란에 '문화유산 알리려는 노력폄하' 주장",https://www.clien.net/service/board/park/19083853?od=T31&po=0&category=0&groupCd=
0,93,쿤타맨vs매뚜기가면맨,10:51,미니진이 자기 기획사를 만들었네요ㅎㅎ,https://www.clien.net/service/board/park/19083852?od=T31&po=0&category=0&groupCd=
1,315,아쿠아루비,10:40,주식 투자는 자기 객관화가 필요하다고 봅니다,https://www.clien.net/service/board/park/19083848?od=T31&po=0&category=0&groupCd=
0,1136,종.삼,10:28,".젠슨 황 “AI 시대, 수십만 전기·배관 기술자 필요”",https://www.clien.net/service/board/park/19083841?od=T31&po=0&category=0&groupCd=
0,546,,10:23,일본 성우 자기 소개.avi,https://www.clien.net/service/board/park/19083840?od=T31&po=0&category=0&groupCd=
0,618,봄햇살그대들에게,10:20,국토부 차관 사퇴 의사..대통령실 수용 방침,https://www.clien.net/service/board/park/19083839?od=T31&po=0&category=0&groupCd=
1,1240,R.A.T.M,10:17,MLB 월드시리즈 포스터.jpg,https://www.clien.net/service/board/park/19083837?od=T31&po=0&category=0&groupCd=
0,663,South-m,10:15,헤드폰 샀어요,https://www.clien.net/service/board/park/19083835?od=T31&po=0&category=0&groupCd=
1,1859,사랑임,10:12,[속보]美 “韓이 적절한 조건 수용하면 가능한한 빨리 무역협상 타결”,https://www.clien.net/service/board/park/19083834?od=T31&po=0&category=0&groupCd=
0,693,낮은목소리,10:02,무슨무슨 친X을 자임하는 사람들의 특징,https://www.clien.net/service/board/park/19083831?od=T31&po=0&category=0&groupCd=
0,2328,NPV,09:57,인사팀·총무팀 빼고 다 나가라. 섬뜩한 60만명 해고 시나리오,https://www.clien.net/service/board/park/19083829?od=T31&po=0&category=0&groupCd=
4,714,천문공,09:55,발해의 소수 고구려 지배층 논리가 일본의 역사 왜곡이었군요.,https://www.clien.net/service/board/park/19083827?od=T31&po=0&category=0&groupCd=
0,1278,위대한발자,09:53,로스쿨은 '현대판 음서제'?.... 학생 70%가 '금수저' 고소득층,https://www.clien.net/service/board/park/19083826?od=T31&po=0&category=0&groupCd=
12,1017,위대한지도자,09:49,이것이 [이재명 정부]의 능력입니다.,https://www.clien.net/service/board/park/19083825?od=T31&po=0&category=0&groupCd=
0,422,백반이,09:48,BItwarden은 OTP 기능을 왜 제공하는지 모르겠네요.,https://www.clien.net/service/board/park/19083824?od=T31&po=0&category=0&groupCd=
11,1671,키보드유비,09:44,"경찰, 금요일밤 고위급 51명 전격 물갈이‥서울청 '수사 3인방' 교체",https://www.clien.net/service/board/park/19083823?od=T31&po=0&category=0&groupCd=
0,549,memberst,09:42,중국 재사용 로켓 주체3 지상 테스트 시작,https://www.clien.net/service/board/park/19083821?od=T31&po=0&category=0&groupCd=
0,509,,09:41,나에게도 이런 일이..,https://www.clien.net/service/board/park/19083820?od=T31&po=0&category=0&groupCd=
3,1385,insert_risk,09:38,또 진보진영에 도덕결벽증이 대가리 쳐드네요,https://www.clien.net/service/board/park/19083818?od=T31&po=0&category=0&groupCd=
0,553,LK-99,09:38,부동산 내로남불 프레임 갇혀버려서 큰일이네요,https://www.clien.net/service/board/park/19083817?od=T31&po=0&category=0&groupCd=
0,1370,봄이머무는언덕,09:34,벡터를 직관적으로 설명하시는 교수님 ㅎㄷㄷㄷ,https://www.clien.net/service/board/park/19083816?od=T31&po=0&category=0&groupCd=
1,371,DCTLQDLSUS47,09:31,부동산 정책보다 언론지형을 살펴봤으면 합니다,https://www.clien.net/service/board/park/19083814?od=T31&po=0&category=0&groupCd=
0,807,insert_risk,09:29,이상경 사의는 극도로 이기적인 짓거리,https://www.clien.net/service/board/park/19083812?od=T31&po=0&category=0&groupCd=
0,848,우리애는물어,09:26,플옵5차전 토토 한화배당 엄청 낮았었네요,https://www.clien.net/service/board/park/19083809?od=T31&po=0&category=0&groupCd=
0,940,그댄달라요,09:23,보유세 관련 간과하시는것들,https://www.clien.net/service/board/park/19083808?od=T31&po=0&category=0&groupCd=
3,1036,캐슬워터,09:20,아하피씨라는 잡지를 아시나요?,https://www.clien.net/service/board/park/19083806?od=T31&po=0&category=0&groupCd=
3,2181,회원님임,09:13,제 직장생활 경험상 반대같은데...,https://www.clien.net/service/board/park/19083804?od=T31&po=0&category=0&groupCd=
2,1256,VㅏZㅏ,09:12,유관순은 대한민국과 상관없다?.jpg,https://www.clien.net/service/board/park/19083802?od=T31&po=0&category=0&groupCd=
0,287,D10S,09:12,우당탕탕 동네풋살 골 모음.ZIP (월간 풋살리스트 2025.09),https://www.clien.net/service/board/park/19083801?od=T31&po=0&category=0&groupCd=
0,400,memorobot,09:08,"스테이씨 토론토 공연, 2025 투어 완료",https://www.clien.net/service/board/park/19083800?od=T31&po=1&category=0&groupCd=
6,2368,종.삼,09:05,[단독] 검찰.5200억.'입찰비리'.전원 무혐의…'이례적',https://www.clien.net/service/board/park/19083799?od=T31&po=1&category=0&groupCd=
0,760,종.삼,09:00,이해찬).관세전쟁..끝까지..버텨라..요.avi,https://www.clien.net/service/board/park/19083795?od=T31&po=1&category=0&groupCd=
0,1608,봄이머무는언덕,08:52,벡터 미적분학 쇼츠입니다 ㄷㄷㄷ,https://www.clien.net/service/board/park/19083791?od=T31&po=1&category=0&groupCd=
1,2315,butter92,08:45,지마켓의 어이없는 장난질? 다들 조심하셔야겠습니다.,https://www.clien.net/service/board/park/19083790?od=T31&po=1&category=0&groupCd=
0,1736,봄이머무는언덕,08:31,미국 연준 결제시스템에 스테이블 암호화폐 포함 검토 ㄷㄷㄱ,https://www.clien.net/service/board/park/19083789?od=T31&po=1&category=0&groupCd=
0,1980,90까지갑시다,08:25,‘갭투자 논란’ 국토부 차관 사의 표명에…대통령실 “수용 방침”,https://www.clien.net/service/board/park/19083787?od=T31&po=1&category=0&groupCd=
1,1458,종.삼,08:23,전광훈..“..모든 영역에서 승리한다”,https://www.clien.net/service/board/park/19083786?od=T31&po=1&category=0&groupCd=
0,1962,종.삼,08:12,명태균 “올드미스..오세훈에 계속 문자 보내”,https://www.clien.net/service/board/park/19083785?od=T31&po=1&category=0&groupCd=
0,2273,espapa,08:01,ai가 대중화되니 생기는 일,https://www.clien.net/service/board/park/19083784?od=T31&po=1&category=0&groupCd=
0,2773,종.삼,07:56,美 '한국이.현금 투자 수용하면 협상.타결',https://www.clien.net/service/board/park/19083782?od=T31&po=1&category=0&groupCd=
1,2373,뿌짖뿌짖,07:53,국토부 차관 사퇴 단상,https://www.clien.net/service/board/park/19083781?od=T31&po=1&category=0&groupCd=
13,3624,종.삼,07:33,복습)윤석열당선무효 시 국힘 ‘400억 반환’ 파산 가능성,https://www.clien.net/service/board/park/19083779?od=T31&po=1&category=0&groupCd=
1,2889,키보드유비,07:33,문화유산 알리려 했다는 윤거니,https://www.clien.net/service/board/park/19083778?od=T31&po=1&category=0&groupCd=
0,1555,루다나리에,07:30,고물가에도 수당 동결..라면으로 끼니때우는 참전용사들,https://www.clien.net/service/board/park/19083777?od=T31&po=1&category=0&groupCd=
4,3008,종.삼,07:21,건진.“저도 종교인인데 계속 거짓말할 수 없어”.,https://www.clien.net/service/board/park/19083776?od=T31&po=1&category=0&groupCd=
0,1096,키즈리턴,07:20,PS5) '헤일로: 캠페인 이볼브드' 트레일러,https://www.clien.net/service/board/park/19083775?od=T31&po=1&category=0&groupCd=
0,2378,종.삼,07:13,"...“尹 당선, 통일교 다 동원”..avi",https://www.clien.net/service/board/park/19083773?od=T31&po=1&category=0&groupCd=
2,2992,닉네임은농부,07:06,저에게 사과는 안전한 과일이네요,https://www.clien.net/service/board/park/19083772?od=T31&po=1&category=0&groupCd=
2,3125,진우원,07:06,야구)19년만의 한화 한국시리즈 진출.. 그리고 류현진!!,https://www.clien.net/service/board/park/19083771?od=T31&po=1&category=0&groupCd=
0,2959,백반이,06:51,이제는 진짜 AI 페이크 피싱 피해자가 나오는군요,https://www.clien.net/service/board/park/19083769?od=T31&po=1&category=0&groupCd=
1,1351,라그나로크,06:47,좀 자잘한거는 화좀 안내면서 살았으면 좋겠네요,https://www.clien.net/service/board/park/19083768?od=T31&po=1&category=0&groupCd=
1,7645,투머치라이너,05:57,동남아 결혼시장에 큰 변화가 일고 있답니다.,https://www.clien.net/service/board/park/19083764?od=T31&po=1&category=0&groupCd=
0,3501,색다른VELVET,04:56,재밌는 기기 하나 구했습니다,https://www.clien.net/service/board/park/19083762?od=T31&po=1&category=0&groupCd=
0,3370,LK-99,04:37,'갭투자 논란' 이상경 국토1차관 사의,https://www.clien.net/service/board/park/19083760?od=T31&po=1&category=0&groupCd=
2,2172,stepd,03:59,보유세 인상이 집값을 낮추지 못하는 이유와 빈집세 도입의 필요성,https://www.clien.net/service/board/park/19083759?od=T31&po=1&category=0&groupCd=
2,986,be oldman,02:51,<<시>> 녹사평역(綠莎坪驛),https://www.clien.net/service/board/park/19083756?od=T31&po=1&category=0&groupCd=
2,1849,천문공,01:10,이재 신곡 in another world,https://www.clien.net/service/board/park/19083750?od=T31&po=1&category=0&groupCd=
3,2775,루다나리에,01:08,트럼프의 방한일정과 우리 정부의 외교 일정들,https://www.clien.net/service/board/park/19083749?od=T31&po=1&category=0&groupCd=
3,2601,콘토토,01:07,검찰개혁 진행속도를 보면서 느끼는 소회,https://www.clien.net/service/board/park/19083748?od=T31&po=1&category=0&groupCd=
17,108,아모렝,00:35,김포에 집사는건 정말 별로일까요?,https://www.clien.net/service/board/park/19083745?od=T31&po=2&category=0&groupCd=
17,2848,jperf7,00:11,다스뵈이다 이해찬 대표님 나오셨네요,https://www.clien.net/service/board/park/19083739?od=T31&po=2&category=0&groupCd=
0,5847,우리행,00:11,지금 유튜브 라이브 보다가 제 눈을 의심했습니다.,https://www.clien.net/service/board/park/19083738?od=T31&po=2&category=0&groupCd=
0,2420,mericrius,00:07,지방균형발전 주장 볼 때마다 안타깝네요,https://www.clien.net/service/board/park/19083735?od=T31&po=2&category=0&groupCd=
1,1269,베스트맨,00:04,부동산에 관한 한 입 함봉,https://www.clien.net/service/board/park/19083734?od=T31&po=2&category=0&groupCd=
